configuration,scenario,status,expected_runs,valid_runs,frame_samples,frame_min_ms,frame_median_ms,frame_max_ms,frame_stddev_ms,frame_p50_ms,frame_p95_ms,frame_p99_ms,frame_p99_9_ms,frame_fps_1_percent_low,frame_fps_0_1_percent_low,tick_samples,tick_min_ms,tick_median_ms,tick_max_ms,tick_stddev_ms,tick_p50_ms,tick_p95_ms,tick_p99_ms,tick_p99_9_ms,frame_gt_16_67_ms_count,frame_gt_16_67_ms_rate,frame_gt_33_33_ms_count,frame_gt_33_33_ms_rate,frame_gt_50_0_ms_count,frame_gt_50_0_ms_rate,frame_gt_100_0_ms_count,frame_gt_100_0_ms_rate,frame_gt_250_0_ms_count,frame_gt_250_0_ms_rate,gc_count_median,gc_count_min,gc_count_max,gc_count_stddev,gc_time_ms_median,gc_time_ms_min,gc_time_ms_max,gc_time_ms_stddev,heap_delta_bytes_median,heap_delta_bytes_min,heap_delta_bytes_max,heap_delta_bytes_stddev
A,BENCH-01,COMPLETE,5,5,40960,1.124671,2.5433095,46.952851,1.3597821376256467,2.543272,4.747495,7.659117,16.127025,130.56335345184047,62.007716860363274,10240,0.935254,3.207777,100.433812,2.8275861642939075,3.207405,7.309822,14.067178,30.282522,38,0.000927734375,1,2.44140625e-05,0,0.0,0,0.0,0,0.0,1.0,1.0,2.0,0.4,14.0,8.0,29.0,8.07465169527454,264048856.0,-179324320.0,496537616.0,220853139.56117105
A,BENCH-02,COMPLETE,5,5,40960,1.168544,2.3126559999999996,20.101775,0.6411986342527116,2.312642,3.530968,4.160118,6.795603,240.37779697595118,147.1539758870552,10240,1.656435,3.401062,47.135728,1.7949257147416542,3.400996,5.537106,11.163713,23.071532,1,2.44140625e-05,0,0.0,0,0.0,0,0.0,0,0.0,1.0,1.0,2.0,0.4898979485566356,16.0,11.0,33.0,7.833262411026456,90761248.0,-208639360.0,509619480.0,301988211.58694565
A,BENCH-03,COMPLETE,5,5,40960,1.123295,2.22656,15.802949,0.5761507091787226,2.226519,3.355068,3.882523,6.598752,257.56447547123355,151.54380707139774,10240,1.520214,3.0279085,28.235746,1.1973154111101876,3.027852,4.328758,6.436105,20.376238,0,0.0,0,0.0,0,0.0,0,0.0,0,0.0,1.0,1.0,2.0,0.4,10.0,8.0,23.0,5.344155686354955,73634616.0,-229380712.0,226840416.0,161838564.73385367
A,BENCH-06,COMPLETE,5,5,40960,1.237268,2.4806785,17.609292,0.6809374591496163,2.480646,3.58345,4.374266,8.884295,228.6097827612678,112.55817146999284,10240,1.60619,3.1001855000000003,31.851292,1.6550223317766763,3.100073,6.520375,8.145263,22.799452,1,2.44140625e-05,0,0.0,0,0.0,0,0.0,0,0.0,2.0,1.0,2.0,0.4,21.0,8.0,27.0,6.2801273872430325,-323636000.0,-362698472.0,319192032.0,257680451.84389892
B,BENCH-01,COMPLETE,5,5,17876,15.071281,27.7822475,90.484855,10.498016187372109,27.782222,52.130614,63.283543,76.115369,15.801896553105442,13.13795115412237,10240,1.012724,2.085332,48.167301,2.6434785178803835,2.085265,9.476536,13.39795,23.789665,17665,0.9881964645334527,6722,0.3760349071380622,1166,0.06522712016110986,0,0.0,0,0.0,1.0,1.0,2.0,0.4,14.0,13.0,24.0,4.019950248448356,-91146056.0,-128174696.0,90130944.0,99558233.71920243
B,BENCH-02,COMPLETE,5,5,25668,9.510411,22.186549499999998,44.452155,3.344327088712687,22.186454,26.456428,30.012894,35.765536,33.3190128216226,27.959877352320404,10240,0.929626,2.221751,30.549199,1.3638086570464465,2.221716,4.398439,6.49543,19.225144,23401,0.9116799127318062,59,0.002298581891849774,0,0.0,0,0.0,0,0.0,2.0,1.0,2.0,0.4898979485566356,28.0,8.0,37.0,11.876026271442818,202969920.0,-195305760.0,474895528.0,223062563.4931986
B,BENCH-03,COMPLETE,5,5,21281,16.173583,26.207665,68.288494,2.758182340218574,26.207665,31.368871,36.006743,42.202354,27.772575820034596,23.695360690069563,10240,0.976446,1.837716,29.728766,1.031300734336886,1.837695,2.923332,5.597537,15.420161,21280,0.9999530097269865,509,0.02391804896386448,1,4.699027301348621e-05,0,0.0,0,0.0,1.0,1.0,2.0,0.4,17.0,10.0,20.0,3.7735924528226414,-225690568.0,-354526744.0,638893640.0,370027987.50573957
B,BENCH-06,COMPLETE,5,5,23336,18.899442,24.049581,51.659816,2.1133387636333323,24.04935,28.01479,30.829381,35.331218,32.43659027730722,28.30358126912013,10240,0.848353,1.7913875,26.981365,2.4229574882010407,1.791308,8.845489,12.673138,20.397631,23336,1.0,65,0.002785395954748029,1,4.2852245457661984e-05,0,0.0,0,0.0,1.0,1.0,2.0,0.4898979485566356,12.0,9.0,36.0,9.93176721434811,-117276152.0,-125498504.0,101995696.0,86668741.23574841
C,BENCH-01,COMPLETE,5,5,29734,1.336916,11.978546,94.884823,5.10653253099928,11.978377,22.6831,29.754528,41.497743,33.6083301338203,24.097696108436548,10240,3.306219,7.384059,414.02021,6.430398114907681,7.383856,13.007405,21.656599,89.93573,5102,0.17158808098473127,142,0.004775677675388444,10,0.00033631532925270735,0,0.0,0,0.0,7.0,4.0,14.0,4.317406628984581,97.0,47.0,205.0,67.981173864534,-7432224.0,-1690865256.0,968762144.0,913129981.2568505
C,BENCH-02,COMPLETE,5,5,32341,6.27831,12.384126,53.381498,3.1460093385726697,12.384126,18.971171,22.762882,28.165017,43.931168294067504,35.50503804063033,10240,3.157247,6.824507499999999,2985.133459,50.3146569970833,6.824445,9.93575,14.138243,107.837182,3972,0.12281623944837822,7,0.00021644352370056585,1,3.092050338579512e-05,0,0.0,0,0.0,13.0,12.0,14.0,0.8944271909999159,155.0,132.0,200.0,23.363218956299665,71761664.0,-479625192.0,252446400.0,290023724.4685089
C,BENCH-03,COMPLETE,5,5,31974,6.441571,12.6384245,58.972965,3.181612966081989,12.638412,19.272718,23.244982,29.367211,43.02003761500009,34.05158222209116,10240,3.30749,6.6760485,699.593006,10.064562316395849,6.675887,9.415915,12.874011,84.810934,4364,0.13648589478951648,16,0.0005004065803465316,1,3.1275411271658224e-05,0,0.0,0,0.0,13.0,11.0,13.0,0.9797958971132712,147.0,114.0,175.0,22.348154286204487,280013064.0,-639668248.0,1713000464.0,810797103.5234976
C,BENCH-06,COMPLETE,5,5,32322,5.918981,12.436601,69.609018,3.327248637588411,12.436585,19.498688,24.068797,30.275836,41.5475688294683,33.02964119636531,10240,3.116795,6.385526499999999,154.486259,3.780841295887688,6.385457,9.286729,13.878755,74.380348,4269,0.13207722294412474,17,0.000525957552131675,1,3.093867953715735e-05,0,0.0,0,0.0,12.0,11.0,13.0,0.8944271909999159,133.0,120.0,169.0,20.248456731316587,-474540448.0,-1023271696.0,1683493504.0,1023221876.918861
D,BENCH-01,COMPLETE,5,5,15109,17.618513,26.089245,127.639376,4.751672749987968,26.089245,36.081411,41.844007,52.37463,23.8982848846192,19.093213641795654,10240,3.675677,7.258137,2847.025597,28.43438304293864,7.25749,10.643235,16.223241,96.698892,15109,1.0,1538,0.10179363293401283,22,0.0014560857766893905,1,6.618571712224501e-05,0,0.0,12.0,12.0,13.0,0.4,175.0,148.0,271.0,44.67661580737735,467187296.0,-1196273424.0,1265251296.0,831250363.2623533
D,BENCH-02,COMPLETE,5,5,15680,17.271914,25.1595855,107.979773,4.186633676645701,25.159266,34.315398,38.929851,47.546938,25.687229062346013,21.031848570353784,10240,3.855814,7.576178499999999,218.534567,4.707190520571861,7.57579,10.922685,15.28078,92.625389,15680,1.0,1065,0.06792091836734694,12,0.0007653061224489796,1,6.377551020408164e-05,0,0.0,13.0,10.0,15.0,1.8547236990991407,205.0,165.0,679.0,195.35199000778056,93656416.0,-596096120.0,183070472.0,282786579.78419703
D,BENCH-03,COMPLETE,5,5,15579,14.142243,25.620976,541.872107,6.342070886192596,25.620976,35.349883,44.122654,53.706381,22.66409450347207,18.619761402281043,10240,3.641955,7.634129,2594.988809,28.267703695146785,7.634052,11.021487,17.132649,103.877528,15522,0.9963412285769305,1211,0.07773284549714359,29,0.0018614801977020349,1,6.418897233455292e-05,1,6.418897233455292e-05,12.0,11.0,13.0,0.7483314773547883,227.0,132.0,619.0,173.5541414083801,53824496.0,-834368128.0,512727208.0,571567829.890945
D,BENCH-06,COMPLETE,5,5,13858,14.09209,28.065696000000003,101.221585,4.780572538090539,28.065612,36.997057,42.380475,54.334806,23.595771401807085,18.404409136935172,10240,3.724942,7.720803500000001,797.877627,8.72872708130409,7.720695,10.728884,15.146184,89.333547,13841,0.9987732717563862,2157,0.15565016596911532,29,0.002092654062635301,1,7.216048491845865e-05,0,0.0,13.0,3.0,13.0,3.919183588453085,243.0,38.0,290.0,92.01869375295435,14102544.0,-1103634272.0,828071752.0,617623927.3701324
